Workbook

Sheet Home

Sheet Employee Profile
A1: Ramos Machine Shop
A2: Employee Profile
A4: Employee Name | B4: Marital Status | C4: Rate/day | D4: Salary | E4: SSS | G4: PhilHealth | I4: Pag-ibig | K4: Total Deductions | L4: Total Salary | M4: Monthly Salary
E5: SSS contri of employee | F5: SSS contri of company | G5: Contri of Employee | H5: Contri of company | I5: Contri Employee | J5: Contri Company
A6: Alfaro, Ken | B6: Married | C6: 750 | D6: =(C6*6) -> 4500 | E6: 765 | F6: 1645 | G6: 420 | H6: 420 | I6: 200 | J6: 200 | K6: =SUM(E6,G6,I6) -> 1385 | L6: =D6-K6 -> 3115 | M6: =L6*4 -> 12460
A7: Arulfo, Jayson | B7: Married | C7: 600 | D7: =(C7*6) -> 3600 | E7: 652.5 | F7: 1387.5 | G7: 360 | H7: 360 | I7: 200 | J7: 200 | K7: =SUM(E7,G7,I7) -> 1212.5 | L7: =D7-K7 -> 2387.5 | M7: =L7*4 -> 9550
A8: Bernardo, Beltran | B8: Married | C8: 600 | D8: =(C8*6) -> 3600 | E8: 652.5 | F8: 1387.5 | G8: 360 | H8: 360 | I8: 200 | J8: 200 | K8: =SUM(E8,G8,I8) -> 1212.5 | L8: =D8-K8 -> 2387.5 | M8: =L8*4 -> 9550
A9: Danilo, Fuentes | B9: Married | C9: 800 | D9: =(C9*6) -> 4800 | E9: 855 | F9: 1835 | G9: 480 | H9: 480 | I9: 200 | J9: 200 | K9: =SUM(E9,G9,I9) -> 1535 | L9: =D9-K9 -> 3265 | M9: =L9*4 -> 13060
A10: Malicse, Julius | B10: Single | C10: 500 | D10: =(C10*6) -> 3000 | E10: 540 | F10: 1150 | G10: 300 | H10: 300 | I10: 200 | J10: 200 | K10: =SUM(E10,G10,I10) -> 1040 | L10: =D10-K10 -> 1960 | M10: =L10*4 -> 7840
A11: Pantig, Albert | B11: Married | C11: 600 | D11: =(C11*6) -> 3600 | E11: 652.5 | F11: 1387.5 | G11: 360 | H11: 360 | I11: 200 | J11: 200 | K11: =SUM(E11,G11,I11) -> 1212.5 | L11: =D11-K11 -> 2387.5 | M11: =L11*4 -> 9550
A12: Ramos, Louie | B12: Married | C12: 800 | D12: =(C12*6) -> 4800 | E12: 855 | F12: 1835 | G12: 480 | H12: 480 | I12: 200 | J12: 200 | K12: =SUM(E12,G12,I12) -> 1535 | L12: =D12-K12 -> 3265 | M12: =L12*4 -> 13060
A13: Tacdoro, Michael | B13: Married | C13: 500 | D13: =(C13*6) -> 3000 | E13: 540 | F13: 1150 | G13: 300 | H13: 300 | I13: 200 | J13: 200 | K13: =SUM(E13,G13,I13) -> 1040 | L13: =D13-K13 -> 1960 | M13: =L13*4 -> 7840

Sheet SALARY PER WEEK
A1: Ramos Machine Shop
A2: Salary per WEEK
A5: Employee Name | B5: Rate/day | C5: Salary | D5: SSS | E5: PhilHealth | F5: Pag-ibig | G5: Total Deductions | H5: Total Salary
A6: Alfaro, Ken | B6: =IFERROR(VLOOKUP(A6, 'Employee Profile'!$A$6:$L$13, 3, FALSE), "") -> 750 | C6: =IFERROR(VLOOKUP(A6, 'Employee Profile'!$A$6:$L$13, 4, FALSE), "") -> 4500 | D6: =IFERROR(VLOOKUP(A6, 'Employee Profile'!$A$6:$L$13, 5, FALSE), "") -> 765 | E6: =IFERROR(VLOOKUP(A6, 'Employee Profile'!$A$6:$L$13, 7, FALSE), "") -> 420 | F6: =IFERROR(VLOOKUP(A6, 'Employee Profile'!$A$6:$L$13, 9, FALSE), "") -> 200 | G6: =IFERROR(VLOOKUP(A6, 'Employee Profile'!$A$6:$L$13, 11, FALSE), "") -> 1385 | H6: =IFERROR(VLOOKUP(A6, 'Employee Profile'!$A$6:$L$13, 12, FALSE), "") -> 3115

Sheet WORKING DAYS
A1: Month | B1: Days
A2: January | B2: 21
A3: February | B3: 21
A4: March | B4: 21
A5: April | B5: 22
A6: May | B6: 23
A7: June | B7: 20
A8: July | B8: 23
A9: August | B9: 22
A10: September | B10: 21
A11: October | B11: 23
A12: November | B12: 21
A13: December | B13: 22
A15: Employee Name | B15: Salary Per Week
A16: Alfaro, Ken | B16: 3115
A17: Arulfo, Jayson | B17: 2387.5
A18: Malicse, Julius | B18: 1960
A19: Pantig, Albert | B19: 2387.5
A20: Ramos, Louie | B20: 3265
A21: Tacdoro, Michael | B21: 1960
A22: Bernardo, Beltran | B22: 2387.5
A23: Danilo, Fuentes | B23: 3265

Sheet SALARY PER MONTH
A1: Ramos Machine Shop
A2: Salary per MONTH
A4: Select Month | B4: August
A6: Employee Name | B6: Monthly Salary
A7: Alfaro, Ken | B7: =VLOOKUP(A7, 'WORKING DAYS'!A:B, 2, FALSE) * 4 -> 12460
A8: Arulfo, Jayson | B8: =VLOOKUP(A8, 'WORKING DAYS'!A:B, 2, FALSE) * 4 -> 9550
A9: Bernardo, Beltran | B9: =VLOOKUP(A9, 'WORKING DAYS'!A:B, 2, FALSE) * 4 -> 9550
A10: Danilo, Fuentes | B10: =VLOOKUP(A10, 'WORKING DAYS'!A:B, 2, FALSE) * 4 -> 13060
A11: Malicse, Julius | B11: =VLOOKUP(A11, 'WORKING DAYS'!A:B, 2, FALSE) * 4 -> 7840
A12: Pantig, Albert | B12: =VLOOKUP(A12, 'WORKING DAYS'!A:B, 2, FALSE) * 4 -> 9550
A13: Ramos, Louie | B13: =VLOOKUP(A13, 'WORKING DAYS'!A:B, 2, FALSE) * 4 -> 13060
A14: Tacdoro, Michael | B14: =VLOOKUP(A14, 'WORKING DAYS'!A:B, 2, FALSE) * 4 -> 7840
